model,image_dependency,n,acc_original,acc_no_image,acc_image,image_gain_pt
gemma-4-E2B-it,enough text,656,0.5884,0.6311,0.5854,-0.3
gemma-4-E2B-it,image only,6,0.1667,0.1667,0.1667,0.0
gemma-4-E2B-it,image question,114,0.2632,0.3246,0.3772,11.4
gemma-4-E2B-it,none,1,0.0,0.0,0.0,0.0
gemma-4-E2B-it,not enough text,167,0.4611,0.497,0.485,2.4
gemma-4-E4B-it,enough text,656,0.7485,0.753,0.753,0.5
gemma-4-E4B-it,image only,6,0.1667,0.1667,0.0,-16.7
gemma-4-E4B-it,image question,114,0.3246,0.3246,0.5,17.5
gemma-4-E4B-it,none,1,1.0,1.0,0.0,-100.0
gemma-4-E4B-it,not enough text,167,0.5569,0.491,0.515,-4.2
gemma-4-12B-it,enough text,656,0.8902,0.8948,0.8948,0.5
gemma-4-12B-it,image only,6,0.0,0.1667,0.3333,33.3
gemma-4-12B-it,image question,114,0.4825,0.5,0.5965,11.4
gemma-4-12B-it,none,1,1.0,1.0,1.0,0.0
gemma-4-12B-it,not enough text,167,0.5868,0.5928,0.6826,9.6
gemma-4-26B-A4B-it,enough text,656,0.9619,0.9604,0.9634,0.2
gemma-4-26B-A4B-it,image only,6,0.0,0.1667,0.6667,66.7
gemma-4-26B-A4B-it,image question,114,0.5439,0.4825,0.7281,18.4
gemma-4-26B-A4B-it,none,1,1.0,1.0,1.0,0.0
gemma-4-26B-A4B-it,not enough text,167,0.7066,0.6766,0.8084,10.2
gemma-4-31B-it,enough text,656,0.9771,0.9695,0.971,-0.6
gemma-4-31B-it,image only,6,0.0,0.1667,0.5,50.0
gemma-4-31B-it,image question,114,0.5789,0.5263,0.7281,14.9
gemma-4-31B-it,none,1,1.0,1.0,1.0,0.0
gemma-4-31B-it,not enough text,167,0.7066,0.7066,0.8144,10.8
Qwen3.8-Flash-Next,enough text,656,0.9832,0.9863,0.9726,-1.1
Qwen3.8-Flash-Next,image only,6,0.1667,0.1667,0.5,33.3
Qwen3.8-Flash-Next,image question,114,0.5965,0.5439,0.8684,27.2
Qwen3.8-Flash-Next,none,1,1.0,1.0,1.0,0.0
Qwen3.8-Flash-Next,not enough text,167,0.7605,0.7725,0.8683,10.8
Qwen3.8-27B,enough text,656,0.9619,0.9619,0.9634,0.2
Qwen3.8-27B,image only,6,0.1667,0.1667,0.3333,16.7
Qwen3.8-27B,image question,114,0.5702,0.5175,0.7544,18.4
Qwen3.8-27B,none,1,1.0,1.0,1.0,0.0
Qwen3.8-27B,not enough text,167,0.7186,0.6886,0.8443,12.6
DeepSeek-V4.1-Flash,enough text,656,0.9832,0.9832,0.9726,-1.1
DeepSeek-V4.1-Flash,image only,6,0.0,0.1667,0.5,50.0
DeepSeek-V4.1-Flash,image question,114,0.5702,0.4737,0.7281,15.8
DeepSeek-V4.1-Flash,none,1,1.0,1.0,1.0,0.0
DeepSeek-V4.1-Flash,not enough text,167,0.7305,0.7425,0.8084,7.8
gemma-3-4b-it,enough text,656,0.4253,0.4146,0.3994,-2.6
gemma-3-4b-it,image only,6,0.1667,0.0,0.3333,16.7
gemma-3-4b-it,image question,114,0.2719,0.2368,0.307,3.5
gemma-3-4b-it,none,1,0.0,0.0,0.0,0.0
gemma-3-4b-it,not enough text,167,0.3114,0.3293,0.3054,-0.6
gemma-3-12b-it,enough text,656,0.6662,0.6402,0.6555,-1.1
gemma-3-12b-it,image only,6,0.0,0.0,0.1667,16.7
gemma-3-12b-it,image question,114,0.3509,0.3421,0.3421,-0.9
gemma-3-12b-it,none,1,0.0,0.0,0.0,0.0
gemma-3-12b-it,not enough text,167,0.491,0.485,0.479,-1.2
gemma-3-27b-it,enough text,656,0.7332,0.7256,0.7348,0.2
gemma-3-27b-it,image only,6,0.1667,0.0,0.1667,0.0
gemma-3-27b-it,image question,114,0.3596,0.3509,0.4561,9.6
gemma-3-27b-it,none,1,1.0,1.0,1.0,0.0
gemma-3-27b-it,not enough text,167,0.4731,0.4671,0.521,4.8
medgemma-27b-it,enough text,656,0.8003,0.8125,0.7957,-0.5
medgemma-27b-it,image only,6,0.1667,0.1667,0.1667,0.0
medgemma-27b-it,image question,114,0.4123,0.3772,0.3947,-1.8
medgemma-27b-it,none,1,0.0,0.0,1.0,100.0
medgemma-27b-it,not enough text,167,0.515,0.497,0.521,0.6
